ID,URL round 1,URL round 2
17,sjaa659z,fzt0cp0a
1879,pywjuver,ara1b058
1918,bieie7ao,5nmlzc2i
2205,unfwcb90,wnjx49s1
4520,t3zc9soo,gm0b0k11
6107,24vjo3ss,xxe6xzes
9696,st6r8kfq,4v10zr69
wtf,zhw4p27n,8gnlaox0
45bites,g54qjb0l,36hprd2x
andrea,lq0zamde,ia0rpy42
Asad,ktm1ojr2,e96jb6mr
ASDF1234,dbfzbwq1,hsui8h86
Astrid,zhqv6mcm,9700fvfg
Bøllemis,t55pnknq,xolku9ti
Carmesin,hhvjjhod,wr6elhvg
Christian Jacobsen,p16vvjzi,9tnr4s3y
GOAT,0nfe0k9c,ii2ca2a4
Grandmasterflash,9ial3dvy,4wl0bfqz
havegang7,5ziimz34,14ho06cq
hejhejhund,3c7i3qeh,oug44nb6
JakobBjerreKnudsen,7896i7ka,6orxz59z
Jesper,4h1ska65,wltwxmba
Johanne,mx0i74iq,dt6c67jl
Katrine,ljefhi7s,v2mkys1q
lilla,g1zkj1et,jfke82qw
Llamaman,yhpfe3ki,qr957mqd
minime,fw1o7714,1qevmfei
Misterperc,eukb0tda,4d35wwdw
Moe,eem5hb8v,ks23jwvj
Python,70icxtu0,7vzmcs48
RBJ,nak8o392,11u16gtf
Rensdyrlam,n8969zl4,oen6qf4o
rosenmeier,pkf9fk1g,5969nxrd
Sarah,szp84fhk,uvpc88el
SKJ,fwpmdfnx,csqlcfa3
Slowlydying,s9p5ckq6,v5ibxvij
SOJ,s1660bu2,gsnp1osd
The cat,j6tklmc7,ij6k2p1q